Sampling_stations,Station depth [m],Salinity (psu),Temperature (°C),Turbidity (NTU),Chlorophyll a (µg L⁻¹),Nitrate (µM),Silicate (µM),Phosphate (µM),Nitrite (µM),POC (µg L⁻¹),PN (µg L⁻¹),POC/PN,δ13C (‰ VPDB),δ15N (‰ air),PCHO (µg L⁻¹),PPRT (µg L⁻¹),PLIP (µg L⁻¹),BPC-CHO (µg L⁻¹),BPC-PRT (µg L⁻¹),BPC-LIP (µg L⁻¹),BPC (µg L⁻¹),POC (µg L⁻¹),BPC/POC,BPC/POC (%),% Labile,%Refractory,Fucose (µg L⁻¹),Galactose (µg L⁻¹),Arabinose (µg L⁻¹),Glucose (µg L⁻¹),Glucosamine (µg L⁻¹),Rhamnose (µg L⁻¹),Xylose (µg L⁻¹),Mannose (µg L⁻¹),Fructose (µg L⁻¹),Ribose (µg L⁻¹),Muramic acid (µg L⁻¹),Galacturonic acid (µg L⁻¹),Guluronic acid (µg L⁻¹),Mannuronic acid (µg L⁻¹),Total monosaccharides (µg L⁻¹),Fucose (mol%),Galactose (mol%),Arabinose (mol%),Glucose (mol%),Glucosamine (mol%),Rhamnose (mol%),Xylose (mol%),Mannose (mol%),Fructose (mol%),Ribose (mol%),Muramic acid (mol%),Galacturonic acid (mol%),Guluronic acid (mol%),Mannuronic acid (mol%),Aspartate (µg L⁻¹),Glutamate (µg L⁻¹),Serine (µg L⁻¹),Glycine (µg L⁻¹),Threonine (µg L⁻¹),Arginine (µg L⁻¹),Alanine (µg L⁻¹),Tyrosine (µg L⁻¹),Cysteine (µg L⁻¹),Valine (µg L⁻¹),Isoleucine (µg L⁻¹),Leucine (µg L⁻¹),Lysine (µg L⁻¹),Total amino acids (µg L⁻¹),Aspartate (mol%),Glutamate (mol%),Serine (mol%),Glycine (mol%),Threonine (mol%),Arginine (mol%),Alanine (mol%),Tyrosine (mol%),Cysteine (mol%),Valine (mol%),Isoleucine (mol%),Leucine (mol%),Lysine (mol%),Chlorophyll C2 (µg L⁻¹),Peridinin (µg L⁻¹),Fucoxanthin (µg L⁻¹),19-Hex fucoxanthin (µg L⁻¹),Diadinoxanthin (µg L⁻¹),Chlorophyll b (µg L⁻¹),Divinyl chlorophyll a (µg L⁻¹),Chlorophyll a (µg L⁻¹),Phaephytin a (µg L⁻¹)
NA_MDS,3.5,31.3166666666667,5.00933333333333,3.49333333333333,0.0862804654011023,0.575,1.743,0.176,0.089,321.0141792,59.0563251,5.435729003733759,-28.5069337649486,4.00588476484748,67.7,61.1,59.6,27.0888888888889,29.919696969697,44.7222222222222,101.7308080808081,321014.1792,0.00031690440694654554,0.031690440694654556,17.758899622645,82.241100377355,2.2236148538085,5.88404125824845,0.970272734127066,10.3296368881693,2.20052903153699,1.36779507805438,1.70474869418531,2.77725657727773,0.664658634538153,3.05750072467085,3.06692460818123,0.480668756530825,0.414162046493532,1.89938922602565,37.041199111848,6.00327984289552,15.8856405460271,2.61952681999748,27.8877885749711,5.94095310890116,3.69275129064357,4.60245327803809,7.49799291921633,1.79443475847234,8.25459158928415,8.28003403936617,1.29770182648711,1.11814807368664,5.12794067501525,0,12.335211641506838,3.2910439563895153,14.025352942649134,0,9.327844627147648,1.340476923217673,0,0,0,0,4.66449640336747,6.218532463839023,51.20295895811731,0,24.092210237318042,6.427820227323272,27.39326746611159,0,18.21844653739775,2.6181189906595175,0,0,0,0,9.110344537827089,12.145571218435592,0.0262108990753492,0.0289668126094571,0.0440647102618191,0.0236776547559134,0.0100826274775538,0.256716693418941,0.0152893382352941,0.0862804654011023,0.0522068181818182
NA_500,122,30.1066666666667,4.21033333333333,5.03666666666667,0.039908756889161,0.605,2.047,0.167,0.107,210.53206655,46.94481455,4.484671386352297,-26.7562083706675,2.43554102229894,54.9,45.5,67.7,21.9777777777778,22.2727272727272,50.7716049382716,95.0221099887766,210532.06655,0.0004513426935188967,0.04513426935188967,21.0184157575805,78.9815842424195,0.398362265254538,5.21199308091486,1.00468151316376,8.62521454394956,1.74954827412775,0.935322018749302,1.50420197955409,2.29731974170262,0.34216565510161,3.02454727142356,1.53497630863263,0.57003794753341,0.238109133352787,2.18572634969265,29.6222060831531,1.34490974089986,17.5961954115964,3.39190247523214,29.1195629437865,5.90664508483373,3.15773807815429,5.07833213894021,7.75597482006286,1.15518452093724,10.2111656698972,5.18222926614662,1.92450353657465,0.803879585931084,7.37922467823312,6.260235192294957,12.806111112455753,4.250728022424348,33.52944117999118,0,14.56803154358572,3.179810256744137,0,0,0,0,5.2151438854396766,6.931902611169616,86.74140380410539,7.220571156049546,14.77060105242878,4.902800487225315,38.67294253747541,0,16.802804548541776,3.6676012188513685,0,0,0,0,6.015160190818543,7.99527406132597,0.015163289396026,0.00749658493870403,0.0293290110435538,0.0168608454957222,0.00551757580891072,0.0952560192616373,0,0.039908756889161,0
NA_1500,300,27.36,5.19433333333333,2.93,0.0797403551745254,0.802,1.765,0.203,0.111,190.36609755,65.13164265,2.9227897501829703,-27.7561981983037,2.74711103096347,46.2,32.1,106.7,18.4666666666667,15.7393939393939,80.046296296296,114.25235690235661,190366.09755,0.0006001717657333813,0.060017176573338125,17.9685674320641,82.0314325679359,0.744222319706433,3.40335703760651,,12.4911443561247,1.63753267639042,0.970159562042313,1.0137339186635,1.49155034825029,0,3.45767159442843,1.37460397566378,0.607160534565253,0.155821418149985,1.96341247864255,29.3103702202342,2.53914131595508,11.6115900293637,0,42.6173468308588,5.58694191876636,3.309995093969,3.45866229499659,5.0888787043681,0,11.7969006974699,4.6898805038,2.07151325337855,0.531632269361941,6.69878020690055,2.8930168411864616,6.172314815462908,4.30981685026938,12.255823530698628,0.19492043553135446,9.278457944899472,0.06481025641706145,0,0,0,0,4.062625899707152,5.858124163935049,45.08991073810746,6.4146714882183185,13.685842162888932,9.556134922991973,27.17477501263554,0.4321960876526706,20.573077483147387,0.14370345103561297,0,0,0,0,9.008039688929385,12.989188833558865,0.0271817824119614,0.0273249562171629,0.0610953592257104,0.0144206089582285,0.0105362104014908,0.162430979133226,0.0165283088235294,0.0797403551745254,0
BD_MDS,6.7,29.945,5.12575,2.06,0.0909314145744029,0.052,1.619,0.131,0.012,447.49096049999997,135.6310745,3.2993247465572497,-28.2666695171026,4.97506013760807,109.7,145.5,122.7,43.8666666666668,71.2727272727271,92.037037037037,207.17643097643088,447490.9605,0.00046297344363100464,0.046297344363100464,25.7299932518735,74.2700067481265,1.89648569419203,9.55487218912166,1.00077454024525,47.4569593391032,0.712534694409776,4.21523101455458,3.47943722943723,0.617047345120266,0,3.68422658550353,2.3155297614041,1.85942913710609,0.135784456764906,1.70074039160235,78.62905237856496,2.41191109524613,12.1516878915448,1.27276426331585,60.354774690453,0.906186817257759,5.36084320813249,4.42507596265704,0.784747990741786,0,4.68552281000067,2.94484263182513,2.36478333601181,0.172687850394132,2.16296628717074,26.070746228056827,29.761435188310138,10.342989927825942,33.86711765061487,8.655138191863564,27.629509348695493,4.9369897441081285,7.826784125450893,0,4.613221809654152,4.4598286371781075,12.27751798690065,9.368381861760119,179.8096607004189,14.49985885876353,16.552522351674156,5.752497178991069,18.83599424394598,4.81375872739909,15.366801639986368,2.7458229944984027,4.353050125389818,0,2.5657518407420197,2.4804386191201933,6.8284304710237205,5.210445974282601,0.0348180208538265,0.120272416812609,0.0554408115150763,0.0766173880221439,0.0195011434863629,0.403538523274478,0.0179547794117647,0.0909314145744029,0
BD_500,146,30.3166666666667,4.721,2.87666666666667,0.183950398040416,0.389,1.88,0.149,0.04,407.46732825,106.32355675000001,3.832333498850902,-28.3805422134742,12.5120496480799,84.6,94.4,110.3,33.8222222222222,46.2530303030303,82.746913580247,162.8221661054995,407467.32824999996,0.00039959563581402186,0.03995956358140219,19.651944333589,80.348055666411,1.71008195636885,7.49221602921391,1.07020898877945,27.2553387461301,0.631503455470074,3.77189026681699,3.05807064609882,0.650885429884668,0,1.78772483866539,1.89945888356184,2.02386844855084,0.130532049411536,1.78312614151888,53.264905880471346,3.21081854368917,14.0672475201162,2.00940478554159,51.1741245702781,1.18569931556529,7.08203204434283,5.74177740536767,1.22209055554763,0,3.35659939666802,3.5663891918172,3.79997831121074,0.245084583949561,3.34796496717777,12.030763648185413,12.508855821419251,6.846561356030243,19.572147060878606,0.47630653271332923,14.269112151030969,2.60473333360683,0,0,0.8855885998451534,0,7.734676259804948,7.345925368910545,84.27467013242529,14.271368503185544,14.838500381280252,8.121662344045365,23.217256299974622,0.5650136805614819,16.9265861815314,3.0898378809096445,0,0,1.0505202845138237,0,9.175179430373603,8.714027721127575,0.113601219752115,0.130034238178634,0.147586859411838,0.0999949672873679,0.0418677367440285,0.627599518459069,0.0288518382352941,0.183950398040416,0.0514227272727273
BD_1500,362,30.87,5.399,4.38,0.0481573790569504,0.454,1.655,0.154,0.06,262.2296957,69.93273719999999,3.7497416260148904,-28.4723443899125,15.8507960338482,77.8,64.2,83.3,31.1111111111111,31.4787878787879,62.4382716049383,125.02817059483729,262229.6957,0.00047678875674658116,0.04767887567465812,23.8683490147142,76.1316509852858,1.20058769052941,6.04567877506567,0.898233636980527,21.4087878824766,0.696390539525238,2.47680713407884,2.1297735910412,0.560509545159744,0,3.78079851099211,3.38991224381081,0.709178903371281,0.332846999319132,2.01378660225063,45.643292054601204,2.63056023341238,13.2464477981281,1.96808421774874,46.9079489098961,1.52583378511227,5.42683421139097,4.66646273234268,1.22811030928954,0,8.28395817482934,7.4275027252647,1.55385386365311,0.729287903854364,4.41232822579016,5.5780052270665275,15.92287698579889,4.0347481689218165,14.368264707391022,0.399903685134117,14.365286216461628,0.5349128205689861,5.050485905574812,0,0,0,8.038812950484363,6.543197791851694,74.83649445925386,7.457226239393753,21.287268697592097,5.3940483541735516,19.208910036619013,0.534630595099087,19.204928096873836,0.7151240916697675,6.75198650477916,0,0,0,10.747076137011181,8.747590630817772,0.014462915601023,0.0125456217162872,0.0305648963891302,0.0107083543029693,0.00579836523801457,0.122583467094703,0.0104290441176471,0.0481573790569504,0
KN_MDS,3.4,31.6,5.496,7.41333333333333,0.0482645437844458,0.492,1.35,0.141,0.057,210.38836705,50.9840551,4.126552245350919,-27.0668318134231,3.68174608105328,55.7,56.7,51.6,22.2666666666667,27.7666666666667,38.6728395061729,88.70617283950631,210388.36705,0.00042163059718232793,0.042163059718232795,23.781416261215,76.218583738785,0.716787477456776,3.56371324236018,0.769303530669737,8.3048694883,0.594558177945843,1.99690220096083,1.24552872792309,0.506721089586329,0.143778119998792,1.84524081956459,1.35609947570583,0.525215860969037,0,1.78852687601877,23.357245087459805,3.06843954390743,15.2556217566789,3.29325141553826,35.5516673300514,2.54519767956268,8.54838270959259,5.33188667775295,2.16918274651682,0.615488527392089,7.8991473440265,5.80522035832975,2.24835556921677,0,7.65636505145021,5.0715011619726935,9.277308202032318,3.1423031138830555,11.857941177715674,0,9.034123832724285,0,0,0,0,4.422547601378305,4.251510791813315,0,47.057235881519645,10.767518390600198,19.697045014930612,6.6715565050595655,25.17609591871693,0,19.180730005784046,0,0,0,0,9.389697667469862,9.026562190686443,0,0.00788313987802479,0.00980569176882662,0.0213944037721802,0.0226056869652743,0.00527617313230561,0.125689406099518,0.0100430147058824,0.0482645437844458,0
KN_500,216,29.5033333333333,5.01833333333333,3.13,0.0576368646662584,0.651,1.796,0.159,0.082,167.2316394,38.6630972,4.325355481350314,-28.3458006791122,5.61616745922562,46.8,42.6,51.9,18.7111111111111,20.8621212121212,38.8888888888889,78.4621212121212,167231.63940000001,0.000469182276114918,0.0469182276114918,23.663723243529,76.336276756471,1.79357021996616,4.87007495675572,1.06945501154956,11.2547625713625,0.500797893808717,2.45689996648283,1.92699124037152,0.514898626737727,0,1.65484308969137,1.46207979364679,0,0,1.94858500756103,29.45295837793392,6.09022145998696,16.53675706878,3.63142618522771,38.2165112779711,1.7005021861077,8.34261448720825,6.54326397409684,1.7483824337444,0,5.61916159487732,4.9646172959144,0,0,6.61658746200689,2.6242595821570807,4.120958995141695,3.350132784234548,8.77173529503868,0,5.769404206213264,0.3797333333732053,0,0,0,0,3.4511510794990614,0,28.467375275657535,9.207928358445896,14.459505246111211,11.754851874507185,30.77801857908308,0,20.24352353057286,1.3323976609586152,0,0,0,0,12.10930203333004,0,0.0143566791265001,0.00959553415061296,0.0173051867477355,0.0256536235530951,0.00535113501609351,0.160480738362761,0.0107084558823529,0.0576368646662584,0.0390306818181818
KN_1500,240,29.7833333333333,4.538,2.91666666666667,0.0482645437844458,0.454,1.72,0.139,0.073,187.01465825,35.20534675,5.312109537736623,-29.0520534309074,2.47433134577441,53.4,39.1,70.9,21.3555555555556,19.1545454545455,53.1481481481482,93.6582491582493,187014.65825,0.0005008069957438714,0.05008069957438714,21.661457657478,78.3385423425219,0.920250952211847,3.65353321801525,1.03929592235405,16.9180736286432,0.826475172152575,2.4641112363773,1.23028575493364,0.494666271889011,0,2.11359787633301,1.63927439930468,0.611835230710004,0.0661414259313296,2.34794477503486,34.32548586389075,2.68060283195994,10.6423921293774,3.02736942136339,49.2807271443146,2.40744297160669,7.17771988458287,3.58370450024364,1.44091544389459,0,6.15670805806295,4.775049226055,1.78221739210604,0.192663635104368,6.83933811545255,1.691361788795479,3.4263822754920454,4.3261172165714585,5.465647059397422,0,6.031933411848306,0,0,0,0,0,3.4511510794990614,0,24.392592831603775,6.931810609817537,14.042550309393631,17.72998859250598,22.400192866382877,0,24.721038573148796,0,0,0,0,0,14.144061801225662,0,0.00788313987802479,0.00980569176882662,0.0213944037721802,0.0226056869652743,0.00527617313230561,0.125689406099518,0.0100430147058824,0.0482645437844458,0.0381784090909091
HN_MDS,4.5,28.65,4.543,2.11666666666667,0.0590545009185548,0.43,1.765,0.138,0.038,316.13487255,74.20659255000001,4.260199285353117,-28.1477092484918,5.18405659303134,78.6,97,77.8,31.4444444444444,47.5151515151515,58.3333333333333,137.29292929292922,316134.87255000003,0.00043428593683923593,0.04342859368392359,24.9765536217798,75.0234463782202,1.6424696928551,6.56095842142354,0.763477342984242,15.9712805281332,2.63772516439096,1.00337203042953,1.55714590573746,3.62398415249697,0.109505691940695,4.04213770271713,1.07741049149073,0.588461749986251,0.393346950685731,2.34843575089849,42.319711576170036,3.88107205306025,15.5032098804904,1.8040579938191,37.7393207186512,6.23280993476125,2.37091689610002,3.67945629900156,8.5632895852953,0.258756360918466,9.55136508203481,2.54586600068698,1.39050508030778,0.92945876816099,5.54923381592271,12.13671602914892,13.44476851993022,5.840013736876938,24.134705884887087,3.7709463990559167,19.790023366563936,2.9995282054431556,0,1.309318827005974,0,0,12.10464028904077,5.5066516070039,101.03731286495682,12.016550523909823,13.311651999930909,5.782191818690038,23.895748400878304,3.733610296094967,19.594082541152414,2.969829906379362,0,1.2963552742633406,0,0,11.984792365386902,5.452130303964258,0.00758803855990557,0.0124957092819615,0.00377931505149522,0.0116821841972823,0.00422416567846857,0.165500802568218,0.0101422794117647,0.0590545009185548,0.0469909090909091
HN_500,76,29.77,4.27866666666667,3.83,0.0600649112063686,0.582,1.771,0.127,0.049,325.361862,69.91311375000001,4.653803049932101,-28,4.47538633594585,75.3,86.2,118.1,30.1333333333333,42.2439393939394,88.5802469135805,160.9575196408532,325361.86199999996,0.0004947030935077856,0.049470309350778556,22.2451618276246,77.7548381723754,1.63146790332352,7.14530078800692,1.01640243191928,17.9163978527346,1.90484262553633,1.08330540235839,1.66105217161555,3.95263655077123,0.349110728628801,5.31130333958839,1.78002074746965,1.76236044657097,0.288882404435366,2.13603959229364,47.939122985252645,3.40314539700359,14.9046741510365,2.12015526057422,37.3725445405394,3.9733888726248,2.25971089353023,3.46485642806748,8.24496568788325,0.728224298349606,11.0790641209603,3.71301782951533,3.67617948804958,0.602591582051243,4.45565204900634,10.34844657483804,11.864312170557922,7.977399268236893,21.558941178734276,6.09098408774173,17.315490656023734,2.691451282333884,0,0,0,0,11.701258994034387,6.505965529464921,96.05424974196578,10.768414750091614,12.345798304430721,8.30114387953891,22.433861788485203,6.338172828035099,18.01820047453042,2.800677713146602,0,0,0,0,12.176127985467625,6.76999534803842,0.00945307889041904,0.0122592819614711,0.0065675021714853,0.0147565425264217,0.00382648653227173,0.2063113964687,0.0135761029411765,0.0600649112063686,0.0450306818181818
HN_1500,315,29.8433333333333,4.30333333333333,3.75666666666667,0.0877654623392529,0.522,1.759,0.125,0.066,313.97011425,59.73407895,5.256130499857653,-28.3744951091553,5.31672765318753,73.7,81.8,47.5,29.4888888888889,40.0909090909091,35.6481481481482,105.22794612794621,313970.11425,0.00033515274655777596,0.0335152746557776,22.1612805874876,77.8387194125124,1.88694616782603,7.94195656352105,1.30750618604045,23.1318750431117,2.31105439959267,1.35834933016444,1.49561510477003,3.37703662972676,0.165066280158227,4.69968114482738,2.44393977626377,0.617884837485563,0.357747300846221,2.31063060939924,53.40528937373353,3.53294545558141,14.8697932288355,2.44805501973497,43.3100075699526,4.32700692677901,2.54324907351515,2.80025295781694,6.32285457728283,0.309055008721638,8.79925322004752,4.57580935454741,1.156871068125,0.669813332421309,4.32621346077371,11.464822881575468,11.681838625565218,8.503086081478903,26.671205885153416,11.178295646064843,19.067418226301147,2.903682051586938,0,0.9030510880796828,0,0,7.897949641117054,7.356350402378842,107.62770052930149,10.655039852765306,10.856727347179572,7.902496358251769,24.787366064268976,10.38875060043201,17.72064890920181,2.698589267274106,0,0.8392668104829767,0,0,7.340101896948936,6.83675687953424,0.0130454456029904,0.0122566549912434,0.030101439384539,0.0343142929038752,0.00519867016771133,0.297346709470305,0.0143922794117647,0.0877654623392529,0.0439568181818182
