Year,ssNa_flux ( μg m⁻² yr⁻¹),δ18O (‰),d-excess,Snow Accumulation (m w.e. yr⁻¹),Polynya Index - with accumulation,Polynya Index - without accumulation
2016,10.165,-17.713,4.1942,0.14452,0.039256,0.047581
2015,10.169,-16.064,5.0971,0.13494,0.20049,0.24301
2014,9.4616,-18.842,7.4645,0.19862,0.30527,0.34323
2013,8.9748,-19.114,3.7025,0.17413,2.9749e-16,1.8294e-16
2012,32.254,-19.986,5.3877,0.2168,0.41592,0.39927
2011,8.8195,-18.365,7.4877,0.20503,0.26511,0.26246
2010,42.581,-16.039,5.1578,0.19124,0.70474,0.85418
2009,12.833,-19.209,4.865,0.27088,0.3051,0.056695
2008,8.9813,-15.942,2.5251,0.12019,0.20668,0.25051
2007,12.495,-17.655,3.929,0.17034,0.043774,0.053057
2006,39.712,-18.644,7.3265,0.19821,0.69366,0.81868
2005,11.158,-21.642,5.2521,0.14909,0.10253,0.12428
2004,20.518,-18.811,5.2903,0.19373,0.25088,0.30409
2003,28.464,-16.218,3.8105,0.27121,0.62401,0.56212
2002,5.7748,-16.663,2.0209,0.1476,0.16241,0.19685
2001,30.829,-17.863,3.9486,0.22979,0.38053,0.39066
2000,21.719,-16.757,2.3907,0.15601,0.31933,0.38704
1999,6.5558,-18.574,3.6204,0.22918,0.016364,2.3365e-17
1998,10.875,-17.754,6.1563,0.23521,0.21998,0.24734
1997,9.6077,-18.407,7.4136,0.13807,0.30247,0.36661
1996,10.457,-18.801,0.45241,0.13498,1.9687e-16,7.954e-18
1995,3.7664,-17.11,4.7049,0.22208,0.15949,0.19331
1994,4.2376,-16.955,4.2805,0.27615,0.19987,0.17441
1993,5.0609,-16.148,3.1538,0.16751,0.23245,0.28174
1992,5.8915,-17.652,0.92072,0.13913,0.050698,0.061449
1991,20.968,-19.225,3.1612,0.2878,0.13814,0.12703
1990,6.3239,-17.792,2.5526,0.46132,0.27885,0.005932
1989,11.048,-18.192,2.5988,0.31683,0.056808,0
1988,15.737,-18.349,2.617,0.235,0.017385,0.021071
1987,9.7562,-19.457,6.7733,0.37219,0.32449,0.25017
1986,20.418,-17.8,4.4647,0.23674,0.097575,0.11827
1985,17.414,-17.847,2.8669,0.26784,0.056966,0.069046
1984,25.298,-18.896,5.571,0.53317,0.49336,0.21912
1983,23.011,-17.479,3.9193,0.33164,0.23731,0.22211
1982,31.95,-17.078,4.2756,0.52253,0.60335,0.35551
1981,28.144,-17.594,6.6347,0.33546,0.39873,0.41036
1980,7.9012,-19.749,6.7141,0.27637,0.23037,0.27922
1979,22.192,-18.759,5.5646,0.472,0.34089,0.15687
1978,20.633,-19.399,5.2699,0.31676,0.091936,0.10324
1977,46.955,-19.096,4.3949,0.47499,0.52367,0.35697
1976,12.489,-17.795,4.9175,0.25846,0.10721,0.12995
1975,8.2748,-16.749,5.2931,0.25693,0.31222,0.37843
1974,60.632,-18.21,5.6707,0.65451,1,0.69712
1973,55.439,-17.559,7.5373,0.29375,0.82504,1
1972,9.127,-18.983,5.1723,0.28899,0.082397,0.09987
1971,22.13,-18.083,6.3986,0.29019,0.25082,0.30401
1970,28.764,-17.447,4.5096,0.29901,0.15341,0.18595
1969,27.256,-18.224,4.2307,0.26952,0.040719,0.049354
1968,16.355,-19.222,2.8159,0.33182,3.9374e-16,3.0225e-16
1967,30.108,-16.714,3.2857,0.26344,0.27669,0.33536
1966,36.047,-16.286,5.7092,0.39726,0.65692,0.69771
1965,36.075,-16.352,3.2467,0.60792,0.67986,0.44734
1964,16.297,-19.113,3.584,0.34209,0.012633,2.8237e-16
1963,37.445,-18.515,3.9954,0.30664,0.113,0.13696
1962,15.858,-17.49,3.9381,0.26877,0.074748,0.090599
1961,41.331,-18.58,4.583,0.54946,0.43722,0.24019
1960,21.895,-20.411,5.9337,0.34286,0.2336,0.26917
1959,36.208,-18.921,4.7056,0.58401,0.48347,0.22662
1958,29.649,-17.19,3.1462,0.45482,0.25034,0.13877
1957,11.1,-17.735,4.4538,0.20899,0.077353,0.093756
1956,18.464,-20.63,3.8896,0.41821,0.088331,2.3067e-16
1955,24.62,-19.135,4.4269,0.38507,0.12623,0.092519
1954,14.738,-17.066,3.6221,0.27574,0.098623,0.11954
1953,45.737,-17.648,4.331,0.45901,0.40355,0.33876
1952,8.0133,-17.887,2.4866,0.24131,6.9999e-17,3.3407e-16
1951,56.709,-18.345,4.3567,0.79103,0.91094,0.49162
1950,39.378,-17.576,4.8068,0.32997,0.27881,0.33793
1949,26.404,-18.826,2.6386,0.33297,2.1e-16,3.102e-16
1948,25.13,-18.499,1.3727,0.33043,6.9999e-17,1.8294e-16
1947,37.661,-17.806,4.0712,0.61132,0.35809,0.11467
1946,21.747,-16.216,3.4913,0.36172,0.23305,0.28247
1945,30.289,-16.811,2.9856,0.25698,0.15012,0.18195
1944,45.001,-17.072,3.6528,0.37471,0.28063,0.34014
1943,32.07,-17.153,2.6493,0.53964,0.2839,0.12063
1942,17.037,-17.013,4.3896,0.28213,0.13571,0.16449
1941,41.646,-18.432,6.1602,0.36927,0.39226,0.47544
1940,17.757,-18.621,2.6978,0.33056,0,1.909e-16
1939,34.475,-17.42,4.522,0.30269,0.11288,0.13682
1938,40.665,-18.741,5.0536,0.52734,0.37729,0.26897
1937,21.894,-16.725,6.431,0.23217,0.48636,0.5895
1936,42.731,-18.707,3.6036,0.42165,0.19687,0.17886
1935,51.592,-17.753,3.6774,0.62984,0.54341,0.3216
1934,31.229,-16.681,6.2926,0.29935,0.44369,0.53778
1933,24,-17.396,4.7855,0.37721,0.068273,0.08275
1932,30.557,-17.788,4.0093,0.64888,0.30139,2.0084e-16
1931,46.736,-17.411,4.271,0.57824,0.41887,0.27338
1930,33.332,-17.33,4.2195,0.54689,0.26227,0.12413
1929,20.111,-17.046,5.311,0.38058,0.27408,0.3322
1928,24.95,-16.771,3.4052,0.3086,0.20252,0.24547
1927,30.27,-17.726,5.147,0.3509,0.11498,0.13936
1926,50.689,-18.111,5.9019,0.73951,0.84746,0.57199
1925,19.646,-18.284,4.9656,0.43198,0.097288,0.10934
1924,66.96,-17.281,4.0478,0.63579,0.70732,0.56795
1923,22.671,-18.489,4.5577,0.46805,0.088495,0.056129
1922,44.46,-18.445,4.5294,0.4299,0.17343,0.21021
1921,39.636,-17.522,5.5373,0.58368,0.48792,0.37468
1920,39.979,-18.579,4.0469,0.40126,0.084882,0.10288
1919,21.41,-17.171,5.0198,0.27706,0.12687,0.15378
1918,22.401,-17.834,5.379,0.43517,0.12915,0.13048
1917,5.375,-18.678,4.8529,0.2754,0.054986,0.066647
1916,38.574,-20.048,4.3635,0.54387,0.2347,0.076704
1915,12.83,-18.25,5.1265,0.32372,0.088342,0.10708
1914,23.088,-17.756,4.2736,0.36135,0.018735,0.022708
1913,14.105,-17.243,3.9877,0.32293,0.049298,0.059752
1912,55.429,-17.456,4.2875,0.40489,0.22973,0.27844
1911,56.915,-16.578,4.106,0.66101,0.70736,0.44944
1910,43.844,-17.144,3.7461,0.59461,0.4087,0.17615
1909,32.851,-18.613,3.7161,0.46554,0.10424,2.6049e-16
1908,54.283,-17.596,4.0135,0.63584,0.56212,0.24134
1907,34.398,-17.292,3.3548,0.37262,0.027303,0.033092
1906,42.665,-16.309,2.0241,0.34137,0.2484,0.30107
1905,19.894,-15.748,-1.0225,0.33607,0.26551,0.32182
1904,33.733,-15.853,-1.8262,0.37798,0.26145,0.31689
1903,31.822,-15.792,3.7954,0.37545,0.27186,0.32951
1902,32.655,-16.613,4.6353,0.38593,0.17942,0.21609
1901,77.794,-15.981,3.0636,0.66295,1.0784,0.7976
1900,24.76,-17.151,3.9744,0.4859,0.17731,0.028528
1899,22.54,-18.258,3.2848,0.3248,1.1375e-16,4.1361e-16
1898,35.123,-18.178,4.4484,0.47336,0.17377,0.046129
1897,40.74,-17.251,3.3162,0.38138,0.031506,0.038187
1896,36.127,-17.637,3.9233,0.42958,0.078643,0.0051395
1895,20.595,-17.463,5.1785,0.38387,0.10446,0.12661
1894,54.332,-16.818,3.8115,0.38149,0.28305,0.34308
1893,49.747,-17.597,3.4026,0.38443,0.13225,0.15653
1892,52.878,-17.847,3.2995,0.38668,0.1631,0.18853
1891,55.2,-16.491,4.6339,0.3397,0.40837,0.49496
1890,71.396,-18.192,4.0432,0.50443,0.58188,0.41005
1889,58.162,-17.838,5.0481,0.50955,0.5621,0.38364
1888,25.05,-17.722,6.4691,0.47181,0.41654,0.30188
1887,24.847,-17.231,10.748,0.29706,0.82972,1.0057
1886,52.398,-17.163,4.2521,0.29448,0.31919,0.38688
1885,42.577,-18.696,4.3331,0.47361,0.27593,0.079035
1884,27.899,-18.02,5.3951,0.3819,0.11623,0.14088
1883,87.816,-17.317,3.1163,0.46517,0.79589,0.72374
1882,32.97,-17.814,4.7764,0.30367,0.032189,0.039015
1881,45.734,-18.194,3.1843,0.42617,0.21051,0.13093
1880,18.532,-17.78,5.9043,0.41559,0.23245,0.18735
1879,34.221,-17.125,4.0009,0.33494,0.18104,0.21943
1878,36.436,-16.643,4.7485,0.37809,0.35234,0.42705
1877,23.651,-16.733,3.8898,0.32858,0.26372,0.31965
1876,29.431,-18.266,3.229,0.42853,0.1028,3.5793e-16
1875,27.176,-17.696,3.725,0.36629,0.025293,0.030656
1874,14.442,-18.032,4.7799,0.29038,0.022577,0.027365
1873,42.164,-18.247,5.1994,0.30008,0.19648,0.23815
1872,49.345,-17.8,2.9043,0.3446,0.20365,0.24683
1871,34.308,-16.507,5.9365,0.25642,0.58678,0.71121
1870,36.953,-18.032,4.6105,0.43609,0.21563,0.10367
1869,30.478,-17.715,3.3157,0.38372,0.028556,0.026776
1868,16.533,-18.591,5.6446,0.34175,0.18716,0.22685
1867,30.176,-18.507,4.884,0.43261,0.16852,0.076407
1866,30.281,-17.75,4.5425,0.42152,0.085859,0.020038
1865,17.623,-17.641,3.5249,0.2941,0.030988,0.037559
1864,29.883,-18.411,5.1256,0.47197,0.23445,0.11509
1863,19.876,-16.869,4.5984,0.28998,0.22859,0.27707
1862,25.434,-17.671,4.9299,0.33549,0.1012,0.12266
1861,27.496,-18.058,3.9649,0.46548,0.11705,2.8237e-16
1860,10.392,-18.347,3.7417,0.25611,1.3125e-16,3.2611e-16
1859,52.735,-18.016,4.5415,0.47816,0.34641,0.28603
1858,24.783,-19.47,5.4671,0.39776,0.18562,0.22231
1857,23.046,-16.972,3.2492,0.39152,0.17375,0.21059
1856,45.938,-16.872,2.952,0.48788,0.47272,0.45611
1855,33.424,-17.105,2.7001,0.35673,0.21508,0.26068
1854,22.365,-18.315,4.1638,0.42713,0.038137,4.5338e-16
1853,80.784,-17.824,5.2919,0.5973,0.94822,0.86687
1852,22.603,-17.122,5.3109,0.33172,0.37778,0.45789
1851,30.088,-17.947,4.3054,0.66129,0.41754,0.11392
1850,52.103,-17.436,5.983,0.51381,0.79089,0.80562
1849,72.965,-17.16,4.7311,0.47023,0.66147,0.72586
1848,15.908,-17.458,3.9752,0.33676,0.048976,0.059362
1847,23.935,-18.501,3.9219,0.39453,8.7498e-18,2.9131e-16
1846,39.816,-18.669,3.3521,0.5222,0.20752,0.10475
1845,22.02,-16.599,2.9221,0.25117,0.20232,0.24522
1844,40.519,-17.186,4.374,0.74252,0.59994,0.28531
1843,18.702,-17.759,2.8229,0.38019,3.4999e-17,2.4856e-16
1842,20.593,-17.476,4.7533,0.34122,0.13584,0.16465
1841,57.965,-17.931,3.9122,0.76565,0.58587,0.25805
1840,26.493,-18.491,4.4256,0.38961,0.07383,0.089486
1839,22.284,-18.949,3.9266,0.39245,0.00036305,0.00044004
1838,20.939,-18.617,3.4955,0.43661,0.046067,3.0225e-16
1837,21,-17.271,3.6767,0.42971,0.069885,0.061884
1836,39.174,-17.483,4.1328,0.30333,0.10872,0.13177
1835,25.235,-16.349,2.8246,0.43383,0.2835,0.28966
1834,98.895,-17.644,1.8157,0.8285,1.0029,0.66008
1833,40.322,-17.614,3.3965,0.43028,0.12454,0.10366
1832,64.702,-17.052,3.719,0.34253,0.38667,0.46867
1831,32.852,-17.548,3.8361,0.38095,0.025004,0.030306
1830,32.546,-17.404,5.9158,0.47115,0.48261,0.51204
1829,16.594,-18.354,5.3872,0.25819,0.29156,0.35339
1828,75.965,-18.5,5.1734,0.69408,0.91353,0.74535
1827,22.718,-17.048,4.7386,0.38331,0.27853,0.33759
1826,16.898,-16.612,2.9063,0.37511,0.18643,0.22597
1825,31.6,-15.649,2.4788,0.37589,0.40539,0.49135
1824,20.739,-17.969,3.1959,0.43812,0.0066828,3.0225e-16
1823,42.251,-16.867,4.0954,0.38939,0.28882,0.35007
1822,29.596,-17.864,3.6878,0.56258,0.15501,2.8634e-16
1821,35.004,-17.616,4.2042,0.47762,0.16905,0.12247
1820,29.629,-16.66,2.9529,0.34823,0.20973,0.2542
1819,72.251,-18.811,4.0994,0.68963,0.75711,0.49443
1818,26.967,-17.798,4.2997,0.38325,0.036762,0.044558
1817,25.488,-17.443,3.5494,0.38784,0.048473,0.058752
1816,64.124,-17.273,4.1111,0.69162,0.81042,0.55774
1815,38.965,-17.866,3.6047,0.73687,0.53152,0.15645
1814,33.104,-17.441,3.3356,0.39431,0.15004,0.17516
1813,26.682,-17.084,3.5404,0.43794,0.22196,0.19375
1812,46.447,-17.275,4.5788,0.65378,0.71215,0.45902
1811,18.72,-17.486,3.994,0.44016,0.14339,0.096392
1810,17.781,-17.066,4.0679,0.34354,0.19798,0.23996
1809,24.704,-18.162,3.2383,0.59437,0.25892,3.102e-16
1808,7.0508,-17.726,6.0808,0.25861,0.31619,0.38324
1807,11.044,-18.289,5.3931,0.25566,0.17821,0.216
1806,19.83,-18.476,3.8204,0.34961,4.1452e-16,5.349e-16
1805,14.482,-18.839,5.2816,0.38165,0.15077,0.18274
1804,24.362,-17.916,4.1952,0.38991,0.0016719,4.9936e-16
1803,11.647,-18.803,6.2881,0.35144,0.27955,0.33883
1802,18.217,-18.56,7.6152,0.44069,0.51436,0.54157
1801,34.234,-18.368,4.5977,0.39341,0.030857,0.03102
1800,17.904,-18.93,4.1476,0.34948,5.5561e-16,4.1659e-16
1799,42.785,-18.167,5.1062,0.3434,0.12486,0.15133
1798,47.617,-18.087,4.5042,0.34893,0.066564,0.08068
1797,56.654,-16.878,4.9126,0.42941,0.53304,0.53434
1796,72.302,-18.417,5.121,0.38847,0.30612,0.36923
1795,38.938,-17.585,4.2206,0.3898,0.10912,0.1292
1794,37.041,-17.05,5.8181,0.41917,0.44821,0.44317
1793,41.265,-16.98,4.313,0.39383,0.21625,0.24627
1792,35.509,-18.049,4.563,0.26006,0.040568,0.049171
1791,50.725,-18.269,2.6549,0.30387,0.0070357,0.0085277
1790,51.21,-17.396,4.8492,0.38887,0.13691,0.16594
1789,48.745,-17.322,3.9822,0.33928,0.06871,0.08328
1788,105.09,-16.292,1.756,0.52544,0.99296,0.73009
1787,30.622,-19.403,4.9913,0.39486,0.11528,0.13512
1786,65.513,-18.237,2.9298,0.4328,0.18466,0.086035
1785,67.792,-17.837,4.8841,0.40046,0.20555,0.22584
1784,67.489,-17.008,3.9208,0.34693,0.17801,0.21576
1783,64.246,-16.327,3.4695,0.38714,0.2288,0.27732
1782,42.523,-18.572,4.0275,0.311,5.0749e-16,4.7227e-16
1781,56.091,-19.291,5.433,0.39697,0.21136,0.24748
1780,78.709,-17.555,3.4581,0.43738,0.23309,0.14471
1779,77.59,-16.754,2.9519,0.39376,0.22274,0.26997
1778,78.953,-16.956,3.6167,0.39999,0.21632,0.24634
1777,69.037,-16.496,3.4667,0.39561,0.17669,0.21286
1776,56.923,-16.495,4.9051,0.34722,0.28176,0.3415
1775,85.943,-17.496,2.9776,0.47065,0.38093,0.19416
1774,80.127,-18.569,6.3136,0.44059,0.60237,0.57055
